{
    "c2array": true,
    "size": [2, 469, 1],
    "data": [
        [0.0, 0.888889, 0.888889, 0.888889, 2.666667, 3.555556, 3.555556, 3.555556, 5.333333, 6.222222, 6.222222, 6.222222, 8.0, 8.888889, 8.888889, 8.888889, 10.666667, 11.555556, 11.555556, 11.555556, 11.555556, 12.444444, 13.333333, 13.333333, 14.222222, 14.222222, 14.222222, 14.222222, 15.111111, 16.0, 16.0, 16.888889, 16.888889, 16.888889, 16.888889, 17.777778, 18.666667, 18.666667, 19.555556, 19.555556, 19.555556, 21.333333, 21.333333, 22.222222, 22.222222, 22.222222, 24.0, 24.0, 24.888889, 24.888889, 24.888889, 26.666667, 26.666667, 27.555556, 27.555556, 27.555556, 29.333333, 29.333333, 30.222222, 30.222222, 30.222222, 32.0, 32.888889, 32.888889, 32.888889, 32.888889, 33.777778, 34.666667, 34.666667, 35.555556, 35.555556, 35.555556, 35.555556, 36.444444, 37.333333, 37.333333, 38.222222, 38.222222, 38.222222, 38.222222, 39.111111, 40.0, 40.0, 40.888889, 40.888889, 40.888889, 42.666667, 42.666667, 43.555556, 43.555556, 43.555556, 45.333333, 45.333333, 46.222222, 46.222222, 46.222222, 48.0, 48.0, 48.888889, 48.888889, 50.666667, 50.666667, 51.555556, 51.555556, 51.555556, 53.333333, 53.333333, 54.222222, 54.222222, 54.222222, 56.0, 56.0, 56.888889, 56.888889, 56.888889, 56.888889, 57.777778, 58.666667, 58.666667, 59.555556, 59.555556, 59.555556, 59.555556, 60.444444, 61.333333, 61.333333, 62.222222, 62.222222, 62.222222, 62.222222, 62.222222, 63.111111, 64.0, 64.0, 64.888889, 64.888889, 64.888889, 64.888889, 66.666667, 66.666667, 67.555556, 67.555556, 67.555556, 67.555556, 68.444444, 69.333333, 69.333333, 70.222222, 70.222222, 70.222222, 70.222222, 71.111111, 72.0, 72.0, 72.888889, 72.888889, 72.888889, 72.888889, 73.777778, 74.666667, 74.666667, 75.555556, 75.555556, 75.555556, 75.555556, 75.555556, 76.444444, 77.333333, 77.333333, 78.222222, 78.222222, 78.222222, 78.222222, 80.0, 80.0, 80.888889, 80.888889, 80.888889, 80.888889, 81.777778, 82.666667, 82.666667, 83.555556, 83.555556, 83.555556, 85.333333, 85.333333, 86.222222, 86.222222, 86.222222, 88.0, 88.0, 88.888889, 88.888889, 88.888889, 88.888889, 89.777778, 90.666667, 90.666667, 91.555556, 91.555556, 91.555556, 91.555556, 92.444444, 93.333333, 93.333333, 94.222222, 94.222222, 94.222222, 94.222222, 94.222222, 95.111111, 96.0, 96.0, 96.888889, 96.888889, 96.888889, 97.777778, 97.777778, 97.777778, 97.777778, 98.666667, 98.666667, 98.666667, 98.666667, 98.666667, 98.666667, 101.333333, 101.333333, 101.333333, 101.333333, 101.333333, 101.333333, 101.333333, 104.0, 104.888889, 104.888889, 104.888889, 106.666667, 107.555556, 107.555556, 107.555556, 109.333333, 110.222222, 110.222222, 110.222222, 112.0, 112.888889, 112.888889, 112.888889, 114.666667, 115.555556, 115.555556, 115.555556, 115.555556, 116.444444, 117.333333, 117.333333, 118.222222, 118.222222, 118.222222, 118.222222, 119.111111, 120.0, 120.0, 120.888889, 120.888889, 120.888889, 120.888889, 121.777778, 122.666667, 122.666667, 123.555556, 123.555556, 123.555556, 125.333333, 125.333333, 126.222222, 126.222222, 126.222222, 128.0, 128.0, 128.888889, 128.888889, 128.888889, 130.666667, 130.666667, 131.555556, 131.555556, 131.555556, 133.333333, 133.333333, 134.222222, 134.222222, 134.222222, 136.0, 136.888889, 136.888889, 136.888889, 136.888889, 137.777778, 138.666667, 138.666667, 139.555556, 139.555556, 139.555556, 139.555556, 140.444444, 141.333333, 141.333333, 142.222222, 142.222222, 142.222222, 142.222222, 143.111111, 144.0, 144.0, 144.888889, 144.888889, 144.888889, 146.666667, 146.666667, 147.555556, 147.555556, 147.555556, 149.333333, 149.333333, 150.222222, 150.222222, 150.222222, 152.0, 152.0, 152.888889, 152.888889, 154.666667, 154.666667, 155.555556, 155.555556, 155.555556, 157.333333, 157.333333, 158.222222, 158.222222, 158.222222, 160.0, 160.0, 160.888889, 160.888889, 160.888889, 160.888889, 161.777778, 162.666667, 162.666667, 163.555556, 163.555556, 163.555556, 163.555556, 164.444444, 165.333333, 165.333333, 166.222222, 166.222222, 166.222222, 166.222222, 166.222222, 167.111111, 168.0, 168.0, 168.888889, 168.888889, 168.888889, 168.888889, 170.666667, 170.666667, 171.555556, 171.555556, 171.555556, 171.555556, 172.444444, 173.333333, 173.333333, 174.222222, 174.222222, 174.222222, 174.222222, 175.111111, 176.0, 176.0, 176.888889, 176.888889, 176.888889, 176.888889, 177.777778, 178.666667, 178.666667, 179.555556, 179.555556, 179.555556, 179.555556, 179.555556, 180.444444, 181.333333, 181.333333, 182.222222, 182.222222, 182.222222, 182.222222, 184.0, 184.0, 184.888889, 184.888889, 184.888889, 184.888889, 185.777778, 186.666667, 186.666667, 187.555556, 187.555556, 187.555556, 189.333333, 189.333333, 190.222222, 190.222222, 190.222222, 190.222222, 192.0, 192.0, 192.888889, 192.888889, 192.888889, 192.888889, 193.777778, 194.666667, 194.666667, 195.555556, 195.555556, 195.555556, 195.555556, 196.444444, 197.333333, 197.333333, 198.222222, 198.222222, 198.222222, 198.222222, 198.222222, 199.111111, 200.0, 200.0, 200.888889, 200.888889, 200.888889, 201.777778, 201.777778, 201.777778, 201.777778, 202.666667, 202.666667, 202.666667, 202.666667, 202.666667, 202.666667, 205.333333, 205.333333, 205.333333, 205.333333, 205.333333, 205.333333, 205.333333],
        [7, 6, 12, 15, 11, 5, 13, 15, 7, 6, 12, 15, 11, 5, 13, 15, 7, 8, 6, 12, 15, 7, 9, 11, 8, 5, 13, 15, 13, 4, 7, 13, 6, 12, 15, 10, 13, 11, 5, 13, 15, 15, 7, 6, 12, 15, 15, 11, 5, 13, 15, 15, 7, 6, 12, 15, 15, 11, 5, 13, 15, 7, 8, 6, 12, 15, 7, 9, 11, 8, 5, 13, 15, 13, 4, 7, 13, 6, 12, 15, 10, 13, 11, 5, 13, 15, 13, 12, 5, 13, 15, 8, 16, 6, 12, 15, 11, 14, 2, 6, 11, 14, 6, 12, 2, 11, 11, 15, 5, 12, 13, 16, 4, 5, 13, 11, 13, 12, 11, 10, 2, 6, 11, 4, 10, 11, 13, 3, 2, 6, 11, 4, 10, 11, 13, 1, 5, 12, 10, 11, 13, 15, 5, 12, 10, 12, 11, 8, 5, 13, 15, 9, 7, 11, 13, 5, 13, 11, 10, 12, 11, 10, 3, 2, 6, 11, 4, 10, 11, 13, 1, 5, 12, 10, 11, 13, 15, 5, 12, 10, 9, 14, 6, 11, 2, 8, 12, 5, 13, 15, 4, 16, 13, 6, 12, 15, 4, 13, 14, 10, 13, 11, 13, 12, 13, 14, 10, 5, 13, 15, 13, 12, 15, 14, 5, 12, 7, 6, 12, 2, 1, 13, 11, 13, 13, 13, 2, 12, 15, 13, 10, 11, 13, 3, 7, 6, 12, 15, 11, 5, 13, 15, 7, 6, 12, 15, 11, 5, 13, 15, 7, 8, 6, 12, 15, 7, 9, 11, 8, 5, 13, 15, 13, 4, 7, 13, 6, 12, 15, 10, 13, 11, 5, 13, 15, 15, 7, 6, 12, 15, 15, 11, 5, 13, 15, 15, 7, 6, 12, 15, 15, 11, 5, 13, 15, 7, 8, 6, 12, 15, 7, 9, 11, 8, 5, 13, 15, 13, 4, 7, 13, 6, 12, 15, 10, 13, 11, 5, 13, 15, 13, 12, 5, 13, 15, 8, 16, 6, 12, 15, 11, 14, 2, 6, 11, 14, 6, 12, 2, 11, 11, 15, 5, 12, 13, 16, 4, 5, 13, 11, 13, 12, 11, 10, 2, 6, 11, 4, 10, 11, 13, 3, 2, 6, 11, 4, 10, 11, 13, 1, 5, 12, 10, 11, 13, 15, 5, 12, 10, 12, 11, 8, 5, 13, 15, 9, 7, 11, 13, 5, 13, 11, 10, 12, 11, 10, 3, 2, 6, 11, 4, 10, 11, 13, 1, 5, 12, 10, 11, 13, 15, 5, 12, 10, 9, 14, 6, 11, 2, 8, 14, 5, 12, 15, 13, 4, 14, 13, 5, 13, 15, 8, 12, 14, 10, 13, 11, 13, 13, 12, 14, 10, 5, 13, 15, 13, 13, 15, 14, 5, 12, 7, 6, 12, 2, 1, 13, 11, 13, 13, 13, 2, 12, 15, 13, 10, 11, 13, 3]
    ]
}